Fund Name,Ticker,,,Ticker
PowerShares Dynamic Pharmaceuticals,PJP       ,,,
Vanguard Small Cap Growth ETF,VBK       ,,,
Guggenheim S&P Midcap 400 Pure Growth,RFG       ,,,
CurrencyShares Australian Dollar Trust,FXA       ,,,
iShares Nasdaq Biotechnology,IBB       ,,,
Vanguard Small Cap ETF,VB        ,,,
iShares Dow Jones US Pharmaceuticals,IHE       ,,,
WisdomTree MidCap Earnings,EZM       ,,,
WisdomTree Dividend ex-Financials,DTN       ,,,
First Trust US IPO Index,FPX       ,,,
Guggenheim S&P 500 Eq Weight Utilities,RYU       ,,,
First Trust Large Cap Value Opp AlphaDEX,FTA       ,,,
iShares MSCI Mexico Investable Mkt Idx,EWW       ,,,
ELEMENTS Morningstar Wide Moat Focus ETN,WMW       ,,,
iShares S&P MidCap 400 Growth Index,IJK       ,,,
Vanguard Total Stock Market ETF,VTI       ,,,
SPDR S&P 400 Mid Cap Growth ETF,MDYG      ,,,
Guggenheim S&P 500 Equal Weight,RSP       ,,,
iShares Dow Jones Intl Select Div Idx,IDV       ,,,
WisdomTree International SmallCap Div,DLS       ,,,
PowerShares Dynamic Energy,PXI       ,,,
SPDR S&P Pharmaceuticals,XPH       ,,,
Vanguard MSCI Emerging Markets ETF,VWO       ,,,
Guggenheim S&P 500 Eq Wt Cons Staples,RHS       ,,,
First Trust NASDAQ-100 ex-Tech Sec Idx,QQXT      ,,,
iShares Silver Trust,SLV       ,,,
First Trust Dow Jones Internet Index,FDN       ,,,
PowerShares Dynamic Large Cap Value,PWV       ,,,
PowerShares Dynamic Energy Explor & Prod,PXE       ,,,
Guggenheim Spin-Off,CSD       ,,,
First Trust Utilities AlphaDEX,FXU       ,,,
SPDR S&P Biotech,XBI       ,,,
iShares Russell 2000 Growth Index,IWO       ,,,
iShares S&P SmallCap 600 Value Index,IJS       ,,,
SPDR S&P 600 Small Cap Value ETF,SLYV      ,,,
WisdomTree Total Earnings,EXT       ,,,
CurrencyShares Japanese Yen Trust,FXY       ,,,
First Trust DJ Global Select Dividend,FGD       ,,,
Guggenheim Multi-Asset Income,CVY       ,,,
SPDR S&P Emerging Latin America,GML       ,,,
Vanguard REIT Index ETF,VNQ       ,,,
Vanguard Health Care ETF,VHT       ,,,
WisdomTree MidCap Dividend,DON       ,,,
iShares Morningstar Large Core Index,JKD       ,,,
iShares FTSE NAREIT Retail Cp Idx,RTL       ,,,
Guggenheim S&P 500 Eq Weight Healthcare,RYH       ,,,
iShares MSCI Hong Kong Index,EWH       ,,,
SPDR S&P Emerging Markets,GMM       ,,,
WisdomTree International MidCap Dividend,DIM       ,,,
Energy Select Sector SPDR,XLE       ,,,
Vanguard Consumer Staples ETF,VDC       ,,,
Vanguard Growth ETF,VUG       ,,,
PowerShares FTSE RAFI US 1500 Small-Mid,PRFZ      ,,,
PowerShares FTSE RAFI US 1000,PRF       ,,,
iPath JPY/USD Exchange Rate ETN,JYN       ,,,
SPDR Dow Jones Mid Cap,EMM       ,,,
SPDR S&P Retail,XRT       ,,,
SPDR S&P 600 Small Cap Growth ETF,SLYG      ,,,
Vanguard Consumer Discretionary ETF,VCR       ,,,
iShares S&P Global Consumer Staples,KXI       ,,,
PowerShares DB G10 Currency Harvest,DBV       ,,,
Guggenheim S&P 500 Pure Value,RPV       ,,,
SPDR S&P Homebuilders,XHB       ,,,
CurrencyShares Swiss Franc Trust,FXF       ,,,
First Trust Health Care AlphaDEX,FXH       ,,,
First Trust Small Cap Core AlphaDEX,FYX       ,,,
Vanguard Small Cap Value ETF,VBR       ,,,
ProShares Ultra Consumer Services,UCC       ,,,
Guggenheim Defensive Equity,DEF       ,,,
PowerShares Dynamic Insurance,PIC       ,,,
iShares Morningstar Mid Core Index,JKG       ,,,
PowerShares DB Silver,DBS       ,,,
PowerShares Dynamic Basic Materials,PYZ       ,,,
Guggenheim S&P Smallcap 600 Pure Value,RZV       ,,,
First Trust Large Cap Core AlphaDEX,FEX       ,,,
WisdomTree Total Dividend,DTD       ,,,
iShares S&P Asia 50 Index,AIA       ,,,
First Trust Strategic Value Index,FDV       ,,,
PowerShares DB Energy,DBE       ,,,
iShares S&P 100 Index,OEF       ,,,
PowerShares Buyback Achievers,PKW       ,,,
Vanguard High Dividend Yield Indx ETF,VYM       ,,,
iShares Morningstar Small Value Index,JKL       ,,,
SPDR S&P 500 Growth ETF,SPYG      ,,,
iShares Morningstar Small Growth Index,JKK       ,,,
PowerShares QQQ,QQQ       ,,,
Guggenheim S&P 500 Pure Growth,RPG       ,,,
Guggenheim S&P 500 Equal Weight Energy,RYE       ,,,
WisdomTree SmallCap Earnings,EES       ,,,
CurrencyShares Swedish Krona Trust,FXS       ,,,
SPDR S&P 600 Small Cap ETF,SLY       ,,,
First Trust ISE Water Idx,FIW       ,,,
PowerShares Dynamic Consumer Staples,PSL       ,,,
iShares S&P SmallCap 600 Growth,IJT       ,,,
SPDR S&P Dividend,SDY       ,,,
PowerShares Dynamic Media,PBS       ,,,
iShares Dow Jones U.S. Index,IYY       ,,,
WisdomTree Japan SmallCap Dividend,DFJ       ,,,
First Trust Multi Cap Value AlphaDEX,FAB       ,,,
iShares Core S&P Small-Cap ETF,IJR       ,,,
iShares Gold Trust,IAU       ,,,
PowerShares Dynamic Software,PSJ       ,,,
Vanguard Mid-Cap Value ETF,VOE       ,,,
First Trust Value Line Dividend Index,FVD       ,,,
iShares FTSE Dev Sm Cap ex-North Amer,IFSM      ,,,
WisdomTree Emerging Mkts SmallCap Div,DGS       ,,,
iShares MSCI Switzerland Index,EWL       ,,,
iShares S&P 500 Growth Index,IVW       ,,,
iShares Russell 3000 Index,IWV       ,,,
CurrencyShares Canadian Dollar Trust,FXC       ,,,
iShares Dow Jones US Telecom,IYZ       ,,,
First Trust Financials AlphaDEX,FXO       ,,,
WisdomTree SmallCap Dividend,DES       ,,,
iShares FTSE NAREIT Real Estate 50,FTY       ,,,
ProShares Ultra Health Care,RXL       ,,,
iShares Russell 3000 Value Index,IWW       ,,,
PowerShares Fundamental Pure Small Grow,PXSG      ,,,
iShares Dow Jones US Home Construction,ITB       ,,,
WisdomTree Global ex-US Growth,DNL       ,,,
iShares Core S&P 500 ETF,IVV       ,,,
iShares MSCI Singapore Index,EWS       ,,,
ProShares Ultra Consumer Goods,UGE       ,,,
iShares FTSE EPRA/NAREIT North America,IFNA      ,,,
PowerShares FTSE RAFI Asia Pacific ex-Jp,PAF       ,,,
SPDR S&P Oil & Gas Exploration & Prod,XOP       ,,,
First Trust NYSE Arca Biotech Index,FBT       ,,,
First Trust Consumer Staples AlphaDEX,FXG       ,,,
iShares MSCI Emerging Markets Index,EEM       ,,,
PowerShares S&P 500 High Quality,SPHQ      ,,,
Guggenheim Insider Sentiment,NFO       ,,,
PowerShares Fundamental Pure Small Value,PXSV      ,,,
WisdomTree Equity Income,DHS       ,,,
First Trust Morningstar Div Leaders Idx,FDL       ,,,
iShares Dow Jones US Consumer Goods,IYK       ,,,
iShares Dow Jones US Consumer Services,IYC       ,,,
WisdomTree LargeCap Dividend,DLN       ,,,
iShares MSCI Pacific ex-Japan,EPP       ,,,
Consumer Discret Select Sector SPDR,XLY       ,,,
SPDR S&P 500,SPY       ,,,
PowerShares Dynamic Utilities,PUI       ,,,
iShares S&P Latin America 40 Index,ILF       ,,,
iShares FTSE NAREIT Resid Plus Cp Idx,REZ       ,,,
PowerShares Dynamic Building & Construct,PKB       ,,,
Vanguard MSCI Europe ETF,VGK       ,,,
Vanguard Value ETF,VTV       ,,,
Vanguard Telecom Services ETF,VOX       ,,,
iShares MSCI Sweden Index,EWD       ,,,
iShares MSCI Australia Index,EWA       ,,,
WisdomTree Commodity Country Equity,CCXE      ,,,
Consumer Staples Select Sector SPDR,XLP       ,,,
SPDR S&P Insurance ETF,KIE       ,,,
Vanguard Energy ETF,VDE       ,,,
PowerShares Fundamental Pure Mid Value,PXMV      ,,,
WisdomTree DEFA,DWM       ,,,
PowerShares FTSE RAFI Dev Mkts ex-US S/M,PDN       ,,,
iShares S&P Global Healthcare,IXJ       ,,,
Guggenheim Mid-Cap Core,CZA       ,,,
Health Care Select Sector SPDR,XLV       ,,,
WisdomTree International LargeCap Div,DOL       ,,,
iShares MSCI Malaysia Index,EWM       ,,,
WisdomTree LargeCap Value,EZY       ,,,
SPDR Russell/Nomura Small Cap Japan,JSC       ,,,
Technology Select Sector SPDR,XLK       ,,,
Vanguard MSCI EAFE ETF,VEA       ,,,
PowerShares Dynamic Financials,PFI       ,,,
iShares S&P U.S. Preferred Stock Index,PFF       ,,,
SPDR Dow Jones Total Market,TMW       ,,,
Guggenheim S&P Midcap 400 Pure Value,RFV       ,,,
SPDR Dow Jones Industrial Average,DIA       ,,,
Guggenheim S&P 500 Eq Weight Materials,RTM       ,,,
iShares NYSE 100 Index,NY        ,,,
iShares Dow Jones US Energy,IYE       ,,,
PowerShares Financial Preferred,PGF       ,,,
WisdomTree DEFA Equity Income,DTH       ,,,
WisdomTree Emerging Markets Equity Inc,DEM       ,,,
Market Vectors Gold Miners ETF,GDX       ,,,
Vanguard Large Cap ETF,VV        ,,,
Guggenheim Timber,CUT       ,,,
First Trust Materials AlphaDEX,FXZ       ,,,
Vanguard Information Technology ETF,VGT       ,,,
SPDR S&P 500 Value ETF,SPYV      ,,,
Vanguard Materials ETF,VAW       ,,,
iShares FTSE EPRA/NAREIT Dev Asia Idx,IFAS      ,,,
First Trust Energy AlphaDEX,FXN       ,,,
PowerShares Morningstar StockInvestor Cr,PYH       ,,,
First Trust S&P REIT Idx,FRI       ,,,
BLDRS Developed Markets 100 ADR Index,ADRD      ,,,
WisdomTree Global Equity Income,DEW       ,,,
iShares Dow Jones US Oil & Gas Ex Index,IEO       ,,,
Vanguard Extended Market Index ETF,VXF       ,,,
iShares Dow Jones US Industrial,IYJ       ,,,
PowerShares Water Resources,PHO       ,,,
iShares MSCI South Africa Index,EZA       ,,,
iShares Dow Jones US Healthcare Provider,IHF       ,,,
Vanguard Utilities ETF,VPU       ,,,
iShares Russell 2000 Index,IWM       ,,,
iShares Core S&P Total US Stock Mkt ETF,ITOT      ,,,
SPDR S&P World ex-US,GWL       ,,,
iShares Dow Jones US Aerospace & Defense,ITA       ,,,
Vanguard Dividend Appreciation ETF,VIG       ,,,
iShares MSCI EAFE Index,EFA       ,,,
Guggenheim S&P 500 Eq Weight Technology,RYT       ,,,
Guggenheim S&P Smallcap 600 Pure Growth,RZG       ,,,
iShares NYSE Composite Index,NYC       ,,,
WisdomTree Earnings 500,EPS       ,,,
WisdomTree Australia Dividend,AUSE      ,,,
WisdomTree Asia-Pacific ex-Japan,AXJL      ,,,
PowerShares Dynamic Networking,PXQ       ,,,
iShares Morningstar Mid Value Index,JKI       ,,,
iShares Morningstar Large Growth Index,JKE       ,,,
PowerShares Dynamic Market,PWC       ,,,
SPDR Morgan Stanley Technology,MTK       ,,,
WisdomTree Japan Hedged Equity,DXJ       ,,,
PowerShares DB Commodity Index Tracking,DBC       ,,,
iShares FTSE NAREIT Mort Plus Cp Idx,REM       ,,,
SPDR S&P Emerging Middle East & Africa,GAF       ,,,
iShares Dow Jones US Insurance,IAK       ,,,
Guggenheim S&P 500 Eq Weight Financials,RYF       ,,,
Guggenheim S&P 500 Eq Wt Industrials,RGI       ,,,
ELEMENTS Rogers Intl Commodity Engy ETN,RJN       ,,,
PowerShares FTSE RAFI Dev Mkts ex-US,PXF       ,,,
iShares S&P Global Energy,IXC       ,,,
PowerShares Intl Dividend Achievers,PID       ,,,
iPath DJ-UBS Grains TR Sub-Idx ETN,JJG       ,,,
First Trust NASDAQ-100-Tech Index,QTEC      ,,,
WisdomTree Global ex-US Real Estate,DRW       ,,,
Fidelity Nasdaq Composite Index Tracking,ONEQ      ,,,
iShares MSCI EAFE Growth Index,EFG       ,,,
iShares S&P 500 Value Index,IVE       ,,,
iShares Morningstar Mid Growth Index,JKH       ,,,
First Trust Mid Cap Core AlphaDEX,FNX       ,,,
Guggenheim Russell Top 50,XLG       ,,,
iShares MSCI Chile Investable Mkt Idx,ECH       ,,,
WisdomTree International Div ex-Finncls,DOO       ,,,
PowerShares Dynamic Biotech & Genome,PBE       ,,,
iShares MSCI EAFE Value Index,EFV       ,,,
PowerShares Dynamic MagniQuant,PIQ       ,,,
Guggenheim S&P Global Water Index,CGW       ,,,
PowerShares Dynamic Retail,PMR       ,,,
ELEMENTS DJ High Yield Select 10 ETN,DOD       ,,,
WisdomTree Global Natural Resources,GNAT      ,,,
iShares S&P MidCap 400 Value Index,IJJ       ,,,
SPDR Dow Jones Large Cap,ELR       ,,,
iShares Russell Midcap Index,IWR       ,,,
SPDR S&P Oil & Gas Equipment & Services,XES       ,,,
iShares MSCI Taiwan Index,EWT       ,,,
iShares S&P North Amer Tech-Software,IGV       ,,,
SPDR Dow Jones REIT,RWR       ,,,
iShares Russell 3000 Growth Index,IWZ       ,,,
PowerShares Aerospace & Defense,PPA       ,,,
iShares MSCI Spain Index,EWP       ,,,
Industrial Select Sector SPDR,XLI       ,,,
Vanguard FTSE All-World ex-US ETF,VEU       ,,,
iShares S&P North Amer Tech-Multimd Ntwk,IGN       ,,,
PowerShares Dynamic Industrials,PRN       ,,,
iShares MSCI Germany Index,EWG       ,,,
SPDR S&P Emerging Europe,GUR       ,,,
ProShares Ultra QQQ,QLD       ,,,
Guggenheim S&P 500 Eq Weight Cons Discre,RCD       ,,,
Materials Select Sector SPDR,XLB       ,,,
PowerShares Dynamic Healthcare,PTH       ,,,
PowerShares DWA Technical Leaders,PDP       ,,,
Guggenheim 2x S&P 500,RSU       ,,,
iShares Morningstar Small Core Index,JKJ       ,,,
iShares S&P Global 100 Index,IOO       ,,,
iShares MSCI Netherlands Invstbl Mkt Idx,EWN       ,,,
SPDR S&P Regional Banking ETF,KRE       ,,,
Market Vectors Environmental Svcs ETF,EVX       ,,,
SPDR S&P International Small Cap,GWX       ,,,
Market Vectors Agribusiness ETF,MOO       ,,,
PowerShares Dynamic Leisure & Entertain,PEJ       ,,,
iShares MSCI United Kingdom Index,EWU       ,,,
First Trust Consumer Disc AlphaDEX,FXD       ,,,
SPDR Russell/Nomura PRIME Japan,JPP       ,,,
iShares Morningstar Large Value Index,JKF       ,,,
PowerShares Dynamic Large Cap Growth,PWB       ,,,
ProShares Ultra Russell1000 Growth,UKF       ,,,
PowerShares Global Listed Private Eq,PSP       ,,,
First Trust NASDAQ-100 Equal Weight Idx,QQEW      ,,,
PowerShares Dynamic Food & Beverage,PBJ       ,,,
SPDR S&P China,GXC       ,,,
Vanguard Mid-Cap Growth ETF,VOT       ,,,
iShares S&P Global Cons Discretionary,RXI       ,,,
iShares Dow Jones US Oil Equipment Index,IEZ       ,,,
PowerShares DB Gold,DGL       ,,,
iShares Dow Jones Select Dividend Index,DVY       ,,,
PowerShares DB Precious Metals,DBP       ,,,
iPath MSCI India Index ETN,INP       ,,,
iShares S&P Global Industrials,EXI       ,,,
iShares MSCI Canada Index,EWC       ,,,
iShares Russell Microcap Index,IWC       ,,,
PowerShares FTSE RAFI Emerging Markets,PXH       ,,,
iShares S&P Dev ex-US Property Index,WPS       ,,,
iShares Cohen & Steers Realty Majors,ICF       ,,,
iShares Russell 1000 Index,IWB       ,,,
iShares Dow Jones US Utilities,IDU       ,,,
ELEMENTS Rogers Intl Commodity ETN,RJI       ,,,
PowerShares Dividend Achievers,PFM       ,,,
iShares MSCI France Index,EWQ       ,,,
ProShares Ultra Russell MidCap Value,UVU       ,,,
iShares MSCI Belgium Capped Invstbl Mkt,EWK       ,,,
iShares MSCI South Korea Index,EWY       ,,,
PowerShares Fundamental Pure Mid Growth,PXMG      ,,,
PowerShares Dynamic Oil & Gas Services,PXJ       ,,,
iShares S&P Global Materials,MXI       ,,,
ProShares Ultra S&P500,SSO       ,,,
ProShares Ultra Dow30,DDM       ,,,
PowerShares DB Oil,DBO       ,,,
SPDR S&P 400 Mid Cap Value ETF,MDYV      ,,,
ProShares Ultra MidCap400,MVV       ,,,
iPath EUR/USD Exchange Rate ETN,ERO       ,,,
ELEMENTS SPECTRUM Lg Cap U.S. Sector ETN,EEH       ,,,
iPath DJ-UBS Commodity Index TR ETN,DJP       ,,,
Vanguard Financials ETF,VFH       ,,,
BLDRS Europe 100 ADR Index,ADRU      ,,,
SPDR EURO STOXX 50,FEZ       ,,,
iShares S&P Global Financials,IXG       ,,,
SPDR S&P BRIC 40,BIK       ,,,
CurrencyShares Euro Trust,FXE       ,,,
iShares Dow Jones US Medical Devices,IHI       ,,,
PowerShares Fundamental Pure Mid Core,PXMC      ,,,
Vanguard Mid-Cap ETF,VO        ,,,
iPath DJ-UBS Agriculture TR Sub-Idx ETN,JJA       ,,,
Guggenheim International Multi-Asset Inc,HGI       ,,,
iShares Russell 1000 Value Index,IWD       ,,,
First Trust Value Line Equity Allc Index,FVI       ,,,
PowerShares DB US Dollar Index Bearish,UDN       ,,,
iPath GBP/USD Exchange Rate ETN,GBB       ,,,
BLDRS Asia 50 ADR Index,ADRA      ,,,
iShares MSCI Austria Investable Mkt Idx,EWO       ,,,
iShares Dow Jones US Basic Materials,IYM       ,,,
iShares S&P North Amer Technology,IGM       ,,,
ELEMENTS Rogers Intl Commodity Metal ETN,RJZ       ,,,
Wilshire Micro-Cap ETF,WMCR      ,,,
ProShares Ultra SmallCap600,SAA       ,,,
SPDR MSCI ACWI (ex-US),CWI       ,,,
Guggenheim Raymond James SB-1 Equity,RYJ       ,,,
Vanguard Industrials ETF,VIS       ,,,
ProShares Ultra Russell1000 Value,UVG       ,,,
ProShares Ultra Industrials,UXI       ,,,
iShares FTSE China 25 Index Fund,FXI       ,,,
SPDR S&P Emerging Asia Pacific,GMF       ,,,
iShares S&P Global Technology,IXN       ,,,
First Trust Technology AlphaDEX,FXL       ,,,
Utilities Select Sector SPDR,XLU       ,,,
PowerShares DB US Dollar Index Bullish,UUP       ,,,
iShares FTSE EPRA/NAREIT Dev RE ex-US,IFGL      ,,,
iShares Dow Jones US Technology,IYW       ,,,
WisdomTree Europe SmallCap Dividend,DFE       ,,,
CurrencyShares British Pound Sterling Tr,FXB       ,,,
iShares Russell Midcap Value Index,IWS       ,,,
Vanguard MSCI Pacific ETF,VPL       ,,,
ProShares Ultra Russell MidCap Growth,UKW       ,,,
ProShares Ultra Russell2000,UWM       ,,,
SPDR STOXX Europe 50,FEU       ,,,
PowerShares Fundamental Pure Large Core,PXLC      ,,,
ProShares Ultra Utilities,UPW       ,,,
First Trust Indust/Producer Dur AlphaDEX,FXR       ,,,
ProShares Ultra Russell2000 Value,UVT       ,,,
SPDR Dow Jones Intl Real Estate,RWX       ,,,
iShares MSCI USA ESG Select Index,KLD       ,,,
PowerShares Dynamic Banking,PJB       ,,,
iShares KLD 400 Social Index,DSI       ,,,
First Trust FTSE EN Dev Mkts Rel Est Idx,FFR       ,,,
ProShares Ultra Real Estate,URE       ,,,
iShares Dow Jones Transportation Average,IYT       ,,,
PowerShares WilderHill Progrsv Energy,PUW       ,,,
ProShares Ultra Russell2000 Growth,UKK       ,,,
ProShares Ultra Technology,ROM       ,,,
iShares S&P Global Telecommunications,IXP       ,,,
iShares S&P/TOPIX 150 Index,ITF       ,,,
iShares MSCI EMU Index,EZU       ,,,
SPDR S&P Semiconductor,XSD       ,,,
First Trust Multi Cap Growth AlphaDEX,FAD       ,,,
PowerShares Fundamental Pure Small Core,PXSC      ,,,
PowerShares Dynamic Consumer Disc,PEZ       ,,,
iShares Dow Jones US Regional Banks,IAT       ,,,
iPath CBOE S&P 500 BuyWrite Index ETN,BWV       ,,,
ELEMENTS Rogers Intl Commodity Agri ETN,RJA       ,,,
First Trust Value Line 100 ETF,FVL       ,,,
iShares PHLX SOX Semiconductor Sector,SOXX      ,,,
PowerShares DB Agriculture,DBA       ,,,
ProShares Ultra Oil & Gas,DIG       ,,,
SPDR S&P Capital Markets ETF,KCE       ,,,
iPath DJ-UBS Copper TR Sub-Idx ETN,JJC       ,,,
iShares FTSE EPRA/NAREIT Dev EU Idx,IFEU      ,,,
First Trust ISE Chindia Idx,FNI       ,,,
iShares FTSE NAREIT Industrl/Offc Cp Idx,FNIO      ,,,
iPath DJ-UBS Nickel TR Sub-Idx ETN,JJN       ,,,
iShares S&P Europe 350 Index,IEV       ,,,
PowerShares Hi-Yield Eq Div Achievers,PEY       ,,,
First Trust Dow Jones Select MicroCp Idx,FDM       ,,,
iPath DJ-UBS Livestock TR Sub-Idx ETN,COW       ,,,
PowerShares Dynamic Technology,PTF       ,,,
BLDRS Emerging Markets 50 ADR Index,ADRE      ,,,
Financial Select Sector SPDR,XLF       ,,,
iShares Dow Jones US Financial Services,IYG       ,,,
ProShares Short Dow30,DOG       ,,,
ProShares Short S&P500,SH        ,,,
First Trust Large Cap Gr Opp AlphaDEX,FTC       ,,,
ProShares Short MSCI EAFE,EFZ       ,,,
SPDR S&P Metals & Mining,XME       ,,,
iShares MSCI Italy Index,EWI       ,,,
Guggenheim Canadian Energy Income,ENY       ,,,
iShares S&P Global Utilities,JXI       ,,,
SPDR FTSE/Macquarie Global Infra 100,GII       ,,,
iPath S&P GSCI Total Return Index ETN,GSP       ,,,
iShares Dow Jones US Real Estate,IYR       ,,,
PowerShares S&P Intl Dev High Quality,IDHQ      ,,,
iShares MSCI BRIC Index,BKF       ,,,
WisdomTree Global ex-US Utilities,DBU       ,,,
ProShares Short MSCI Emerging Markets,EUM       ,,,
ProShares Ultra Basic Materials,UYM       ,,,
iShares MSCI Japan Index,EWJ       ,,,
ProShares Ultra Financials,UYG       ,,,
SPDR S&P Bank ETF,KBE       ,,,
iShares Russell 2000 Value Index,IWN       ,,,
ProShares UltraShort MSCI Japan,EWV       ,,,
ProShares Short QQQ,PSQ       ,,,
Guggenheim S&P Global Dividend Opps Idx,LVL       ,,,
PowerShares Zacks Micro Cap,PZI       ,,,
PowerShares Global Water,PIO       ,,,
PowerShares Cleantech,PZD       ,,,
Market Vectors Russia ETF,RSX       ,,,
ProShares Short MidCap400,MYY       ,,,
SPDR Global Dow ETF,DGT       ,,,
ProShares Short Russell2000,RWM       ,,,
ProShares UltraShort Semiconductors,SSG       ,,,
ProShares Short SmallCap600,SBB       ,,,
ProShares UltraShort Utilities,SDP       ,,,
PowerShares Dynamic Semiconductors,PSI       ,,,
iShares S&P GSCI Commodity-Indexed Trust,GSG       ,,,
First Trust ISE-Revere Natural Gas Idx,FCG       ,,,
PowerShares Dynamic OTC,PWO       ,,,
PowerShares Golden Dragon China,PGJ       ,,,
iShares MSCI Brazil Index,EWZ       ,,,
ProShares UltraShort Technology,REW       ,,,
GS Connect S&P GSCI Enh Commodity TR ETN,GSC       ,,,
iShares Dow Jones US Healthcare,IYH       ,,,
Guggenheim BRIC,EEB       ,,,
ProShares Ultra Semiconductors,USD       ,,,
Market Vectors Steel ETF,SLX       ,,,
iShares Dow Jones US Broker-Dealers,IAI       ,,,
iPath DJ-UBS Ind Metals TR Sub-Idx ETN,JJM       ,,,
iShares Core S&P Mid-Cap ETF,IJH       ,,,
SPDR Gold Shares,GLD       ,,,
iShares Russell 1000 Growth Index,IWF       ,,,
PowerShares DB Base Metals,DBB       ,,,
ProShares UltraShort Dow30,DXD       ,,,
First Trust STOXX Euro Select Div Idx,FDD       ,,,
United States Oil,USO       ,,,
Market Vectors Uranium+Nuclear Enrgy ETF,NLR       ,,,
Guggenheim Inverse 2x S&P 500,RSW       ,,,
ProShares UltraShort Russell1000 Growth,SFK       ,,,
iShares Russell Midcap Growth Index,IWP       ,,,
iPath DJ-UBS Energy TR Sub-Idx ETN,JJE       ,,,
iPath DJ-UBS Natural Gas TR Sub-Idx ETN,GAZ       ,,,
United States Natural Gas,UNG       ,,,
ProShares UltraShort S&P500,SDS       ,,,
iPath S&P GSCI Crude Oil TR Index ETN,OIL       ,,,
SPDR S&P MidCap 400,MDY       ,,,
ProShares UltraShort QQQ,QID       ,,,
iShares Dow Jones US Financial Sector,IYF       ,,,
ProShares UltraShort Russell MCap Growth,SDK       ,,,
First Trust NASDAQ Cln Edg Green En Idx,QCLN      ,,,
ProShares UltraShort Basic Materials,SMN       ,,,
ProShares UltraShort Oil & Gas,DUG       ,,,
ProShares UltraShort Consumer Goods,SZK       ,,,
ProShares UltraShort Russell2000 Growth,SKK       ,,,
ProShares UltraShort Industrials,SIJ       ,,,
ProShares UltraShort Russell1000 Value,SJF       ,,,
ProShares UltraShort MidCap400,MZZ       ,,,
ProShares UltraShort MSCI EAFE,EFU       ,,,
ProShares UltraShort Health Care,RXD       ,,,
ProShares UltraShort Russell2000,TWM       ,,,
ProShares UltraShort SmallCap600,SDD       ,,,
ProShares UltraShort MSCI Emerging Mkts,EEV       ,,,
ProShares UltraShort Russell2000 Value,SJH       ,,,
PowerShares Global Clean Energy,PBD       ,,,
ProShares UltraShort Russell MidCap Val,SJL       ,,,
ProShares UltraShort Financials,SKF       ,,,
ProShares UltraShort FTSE China 25,FXP       ,,,
ProShares UltraShort Consumer Services,SCC       ,,,
PowerShares Lux Nanotech,PXN       ,,,
Market Vectors Glb Alternatve Energy ETF,GEX       ,,,
ProShares UltraShort Real Estate,SRS       ,,,
iShares S&P North Amer Natural Resources,IGE       ,,,
PowerShares WilderHill Clean Energy,PBW       ,,,
ETFS Physical Silver Shares,SIVR      ,,,
Schwab U.S. Small-Cap ETF,SCHA      ,,,
Vanguard Mega Cap 300 Gr Index ETF,MGK       ,,,
RevenueShares Small Cap,RWJ       ,,,
Vanguard Mega Cap 300 Index ETF,MGC       ,,,
SPDR S&P International Cons Stapl Sector,IPS       ,,,
JPMorgan Alerian MLP Index ETN,AMJ       ,,,
RevenueShares Large Cap,RWL       ,,,
UBS E-TRACS CMCI Silver TR ETN,USV       ,,,
iShares Russell Top 200 Value Index,IWX       ,,,
RevenueShares Navellier Overall A-100,RWV       ,,,
iShares MSCI Turkey Invest Mkt Index,TUR       ,,,
SPDR S&P International Cons Disc Sector,IPD       ,,,
iShares S&P Global Timber & Forestry Idx,WOOD      ,,,
iShares Russell Top 200 Index,IWL       ,,,
SPDR S&P International HealthCare Sector,IRY       ,,,
SPDR S&P International Technology Sector,IPK       ,,,
PowerShares Active Mega Cap,PMA       ,,,
Columbia Concen Lg Cap Val Strat Fund,GVT       ,,,
United States Gasoline,UGA       ,,,
PowerShares NASDAQ Internet,PNQI      ,,,
Guggenheim China Real Estate,TAO       ,,,
iShares MSCI Kokusai Index,TOK       ,,,
iShares MSCI Thailand Invest Mkt Index,THD       ,,,
Market Vectors Gaming ETF,BJK       ,,,
Schwab U.S. Broad Market ETF,SCHB      ,,,
iShares MSCI All Peru Capped Index,EPU       ,,,
ProShares Ultra Silver,AGQ       ,,,
ELEMENTS MLCX Grains Index TR ETN,GRU       ,,,
PowerShares DWA Dev Mkts Technical Ldrs,PIZ       ,,,
PowerShares Preferred,PGX       ,,,
IQ Hedge Macro Tracker ETF,MCRO      ,,,
SPDR S&P International Financial Sector,IPF       ,,,
iPath DJ-UBS Tin TR Sub-Idx ETN,JJT       ,,,
Schwab International Equity ETF,SCHF      ,,,
First Trust NASDAQ Cln Edge Smrt Grd Inf,GRID      ,,,
SPDR S&P Mortgage Finance ETF,KME       ,,,
Columbia Growth Equity Strategy Fund,RPX       ,,,
iShares MSCI Emerg Mkts Eastern Eur Idx,ESR       ,,,
First Trust ISE Glbl Engnrg & Const Idx,FLM       ,,,
PowerShares DB Agriculture Dble Long ETN,DAG       ,,,
Schwab U.S. Large-Cap ETF,SCHX      ,,,
ProShares Ultra Telecommunications,LTL       ,,,
SPDR S&P International Industrial Sector,IPN       ,,,
PowerShares DB Crude Oil Short ETN,SZO       ,,,
Vanguard Total World Stock Index ETF,VT        ,,,
UBS E-TRACS DJ-UBS Commodity Idx TR ETN,DJCI      ,,,
WisdomTree Dreyfus Indian Rupee,ICN       ,,,
Direxion Daily Mid Cap Bull 3X Shares,MIDU      ,,,
EGShares Energy GEMS ETF,OGEM      ,,,
Direxion Daily Dev Mkts Bull 3X Shrs,DZK       ,,,
Vanguard Mega Cap 300 Value Index ETF,MGV       ,,,
iShares Russell Top 200 Growth Index,IWY       ,,,
ProShares Credit Suisse 130/30,CSM       ,,,
iPath DJ-UBS Lead TR Sub-Idx ETN,LD        ,,,
Market Vectors Poland ETF,PLND      ,,,
iShares MSCI Israel Cap Invest Mkt Index,EIS       ,,,
WisdomTree Dreyfus Emerging Currency,CEW       ,,,
ProShares UltraPro S&P500,UPRO      ,,,
Direxion Daily Energy Bull 3X Shares,ERX       ,,,
United States Diesel-Heating Oil,UHN       ,,,
PowerShares DB Agriculture Long ETN,AGF       ,,,
PowerShares DB Crude Oil Dble Short ETN,DTO       ,,,
UBS E-TRACS CMCI Agriculture TR ETN,UAG       ,,,
Global X FTSE Nordic Region ETF,GXF       ,,,
SPDR S&P International Energy Sector,IPW       ,,,
United States Short Oil,DNO       ,,,
Direxion Daily S&P500 Bull 3X Shares,SPXL      ,,,
RevenueShares Financials Sector,RWW       ,,,
PowerShares DB Commodity Long ETN,DPU       ,,,
iShares MSCI ACWI Index,ACWI      ,,,
iShares MSCI EAFE Small Cap Index,SCZ       ,,,
UBS E-TRACS Short Platinum ER ETN,PTD       ,,,
Direxion Daily Financial Bull 3X Shares,FAS       ,,,
SPDR S&P International Utilities Sector,IPU       ,,,
UBS E-TRACS CMCI Food TR ETN,FUD       ,,,
SPDR S&P International Materials Sector,IRV       ,,,
ProShares Ultra MSCI EAFE,EFO       ,,,
PowerShares Global Agriculture,PAGG      ,,,
Market Vectors Indian Rupee/USD ETN,INR       ,,,
iShares S&P India Nifty 50 Index,INDY      ,,,
ALPS Equal Sector Weight ETF,EQL       ,,,
iShares S&P Global Infrastructure Index,IGF       ,,,
ProShares UltraShort MSCI Brazil,BZQ       ,,,
Columbia Lg Cap Growth Equity Strat Fund,RWG       ,,,
SPDR S&P International Telecom Sector,IST       ,,,
Direxion Daily Emrg Mkts Bull 3X Shares,EDC       ,,,
PowerShares Global Gold & Prec Metals,PSAU      ,,,
PowerShares DB Base Metals Short ETN,BOS       ,,,
SPDR Wells Fargo Preferred Stock,PSK       ,,,
ELEMENTS MLCX Biofuels Index TR ETN,FUE       ,,,
iShares FTSE China (HK Listed) Index,FCHI      ,,,
iPath Global Carbon ETN,GRN       ,,,
UBS E-TRACS Long Platinum TR ETN,PTM       ,,,
WisdomTree Dreyfus Chinese Yuan,CYB       ,,,
Market Vectors Junior Gold Miners ETF,GDXJ      ,,,
Market Vectors Double Long Euro ETN,URR       ,,,
PowerShares Active U.S. Real Estate,PSR       ,,,
ETFS Physical Swiss Gold Shares,SGOL      ,,,
Market Vectors RVE Hard Assets Prod ETF,HAP       ,,,
SPDR S&P International Mid Cap,MDD       ,,,
Direxion Daily Small Cap Bull 3X Shares,TNA       ,,,
iPath DJ-UBS Cocoa TR Sub-Idx ETN,NIB       ,,,
iPath DJ-UBS Prec Metals TR Sub-Idx ETN,JJP       ,,,
EGShares Financials GEMS ETF,FGEM      ,,,
ProShares Ultra FTSE China 25,XPP       ,,,
PowerShares DB Commodity Dble Long ETN,DYY       ,,,
iPath GEMS Asia 8 ETN,AYT       ,,,
iShares MSCI All Country Asia ex Jpn Idx,AAXJ      ,,,
iShares Diversified Alternatives Trust,ALT       ,,,
Barclays Long C Leveraged S&P 500 TR ETN,BXUC      ,,,
Market Vectors Chinese Renminbi/USD ETN,CNY       ,,,
GreenHaven Continuous Commodity Index,GCC       ,,,
iPath DJ-UBS Platinum TR Sub-Idx ETN,PGM       ,,,
UBS E-TRACS CMCI TR ETN,UCI       ,,,
ProShares Ultra Russell3000,UWC       ,,,
PowerShares DB Base Metals Dble Shrt ETN,BOM       ,,,
PowerShares DWA Em Mkts Technical Ldrs,PIE       ,,,
RevenueShares ADR,RTR       ,,,
Cohen & Steers Global Realty Majors ETF,GRI       ,,,
Vanguard FTSE All-Wld ex-US SmCp Idx ETF,VSS       ,,,
ProShares Ultra MSCI Emerging Markets,EET       ,,,
ProShares UltraShort Yen,YCS       ,,,
PowerShares DB Commodity Short ETN,DDP       ,,,
RevenueShares Mid Cap,RWK       ,,,
ProShares UltraShort DJ-UBS Crude Oil,SCO       ,,,
iShares MSCI ACWI ex US Index,ACWX      ,,,
Jefferies TR/J CRB Global Commodity Eq,CRBQ      ,,,
IQ Global Resources ETF,GRES      ,,,
Guggenheim China Small Cap,HAO       ,,,
UBS E-TRACS CMCI Energy TR ETN,UBN       ,,,
Market Vectors Indonesia Index ETF,IDX       ,,,
UBS E-TRACS CMCI Gold TR ETN,UBG       ,,,
iPath DJ-UBS Cotton TR Sub-Idx ETN,BAL       ,,,
EGShares GEMS Composite ETF,AGEM      ,,,
WisdomTree LargeCap Growth,ROI       ,,,
SPDR S&P Emerging Markets Small Cap,EWX       ,,,
PowerShares DB Gold Double Long ETN,DGP       ,,,
Market Vectors Brazil Small-Cap ETF,BRF       ,,,
Guggenheim China All-Cap,YAO       ,,,
Barclays Short B Lvgd Inv S&P 500 TR ETN,BXDB      ,,,
ProShares Ultra Gold,UGL       ,,,
Global X FTSE Colombia 20 ETF,GXG       ,,,
IQ Hedge Multi-Strategy Tracker ETF,QAI       ,,,
ProShares Ultra Euro,ULE       ,,,
SPDR S&P International Dividend,DWX       ,,,
UBS E-TRACS CMCI Industrial Mtls TR ETN,UBM       ,,,
PowerShares DB Gold Short ETN,DGZ       ,,,
SPDR Dow Jones Global Real Estate,RWO       ,,,
iShares MSCI Japan Small Cap Index,SCJ       ,,,
ProShares Short Oil & Gas,DDG       ,,,
ProShares Short Financials,SEF       ,,,
Direxion Daily Real Estate Bull 3X Shrs,DRN       ,,,
Market Vectors Africa Index ETF,AFK       ,,,
PowerShares Fundamental Pure Large Value,PXLV      ,,,
UBS E-TRACS CMCI Livestock TR ETN,UBC       ,,,
PowerShares S&P 500 High Beta,SPHB      ,,,
KEYnotes First Trust Enh 130/30 LgCp ETN,JFT       ,,,
Vanguard Russell 1000 Value Index ETF,VONV      ,,,
ProShares Ultra DJ-UBS Commodity,UCD       ,,,
Market Vectors Biotech ETF,BBH       ,,,
iShares MSCI ACWI ex US Cnsmr Dscrtn Idx,AXDI      ,,,
iShares MSCI ACWI ex US Cnsmr Stpls Idx,AXSL      ,,,
iShares MSCI ACWI ex US Info Tech Index,AXIT      ,,,
iShares MSCI Europe Financials Index,EUFN      ,,,
iShares Asia/Pacific Dividend 30,DVYA      ,,,
Market Vectors Morningstar Wide Moat ETF,MOAT      ,,,
PowerShares KBW Prem Yield Equity REIT,KBWY      ,,,
iPath Optimized Currency Carry ETN,ICI       ,,,
SPDR S&P Health Care Services,XHS       ,,,
iShares S&P Emerging Mkts Infrastructure,EMIF      ,,,
PowerShares Emerg Mks Infrastructure,PXR       ,,,
PowerShares DB Agriculture Short ETN,ADZ       ,,,
iShares MSCI Singapore Small Cap Fund,EWSS      ,,,
PowerShares S&P SmallCap Materials,PSCM      ,,,
iShares MSCI New Zealand Invstb Mkt Idx,ENZL      ,,,
WisdomTree Dreyfus Brazilian Real,BZF       ,,,
PowerShares KBW International Financial,KBWX      ,,,
iShares MSCI ACWI ex US Financials Index,AXFN      ,,,
Market Vectors Bank and Brokerage ETF,RKH       ,,,
Vanguard Global ex-US Real Estate ETF,VNQI      ,,,
Global X Silver Miners ETF,SIL       ,,,
Vanguard Russell 1000 Index ETF,VONE      ,,,
PowerShares Fundamental Pure Large Grow,PXLG      ,,,
iPath DJ-UBS Softs TR Sub-Idx ETN,JJS       ,,,
IQ U.S. Real Estate Small Cap ETF,ROOF      ,,,
iShares MSCI Global Silver Miners,SLVP      ,,,
PowerShares DB Crude Oil Long ETN,OLO       ,,,
ProShares UltraShort DJ-UBS Commodity,CMD       ,,,
PowerShares S&P SmallCap Industrials,PSCI      ,,,
iShares MSCI Poland Investable Mkt Index,EPOL      ,,,
Global X Junior Miners ETF,JUNR      ,,,
iPath DJ-UBS Sugar TR Sub-Idx ETN,SGG       ,,,
WisdomTree Dreyfus Japanese Yen,JYF       ,,,
Vanguard S&P 500 ETF,VOO       ,,,
WisdomTree Middle East Dividend,GULF      ,,,
SPDR S&P Software & Services ETF,XSW       ,,,
First Trust NASDAQ ABA Community Bank,QABA      ,,,
iShares MSCI Emerging Markets EMEA,EEME      ,,,
Global X Copper Miners ETF,COPX      ,,,
Direxion Daily Technology Bull 3X Shares,TECL      ,,,
WisdomTree Dreyfus South African Rand,SZR       ,,,
Market Vectors Double Short Euro ETN,DRR       ,,,
iShares MSCI ACWI ex US Health Care Idx,AXHE      ,,,
PowerShares DB Commodity Dble Short ETN,DEE       ,,,
PowerShares DB Gold Double Short ETN,DZZ       ,,,
Guggenheim Airline,FAA       ,,,
United States 12 Month Oil,USL       ,,,
Schwab U.S. Mid-Cap ETF,SCHM      ,,,
EGShares Health Care GEMS ETF,HGEM      ,,,
First Trust Global Wind Energy,FAN       ,,,
Market Vectors LatAm Small-Cap Index ETF,LATM      ,,,
Global X Brazil Consumer ETF,BRAQ      ,,,
Market Vectors Mortgage REIT ETF,MORT      ,,,
EGShares India Consumer,INCO      ,,,
iShares MSCI ACWI ex US Utilities Index,AXUT      ,,,
First Trust ISE Global Copper Index,CU        ,,,
iShares MSCI Emerging Markets Growth,EGRW      ,,,
iShares MSCI AC Asia Information Tech,AAIT      ,,,
EGShares Industrials GEMS ETF,IGEM      ,,,
ProShares RAFI Long/Short,RALS      ,,,
WisdomTree Managed Futures,WDTI      ,,,
Schwab U.S. Large-Cap Growth ETF,SCHG      ,,,
iShares MSCI Emerging Mkt Min Vol Index,EEMV      ,,,
iShares Emerging Markets Dividend,DVYE      ,,,
Global X China Financials ETF,CHIX      ,,,
WisdomTree India Earnings,EPI       ,,,
PowerShares S&P 500 BuyWrite,PBP       ,,,
ProShares Ultra MSCI Mexico,UMX       ,,,
iShares MSCI Brazil Small Cap Index,EWZS      ,,,
IQ Merger Arbitrage ETF,MNA       ,,,
SPDR S&P Telecom,XTL       ,,,
ProShares Short KBW Regional Banking,KRS       ,,,
Market Vectors Gulf States Index ETF,MES       ,,,
iShares MSCI ACWI ex US Industrials Idx,AXID      ,,,
iShares MSCI Far East Financials Index,FEFN      ,,,
Guggenheim Russell MidCap Equal Weight,EWRM      ,,,
DBX MSCI Japan Hedged Equity ETF,DBJP      ,,,
Direxion Daily Technology Bear 3X Shares,TECS      ,,,
iShares MSCI Global Agriculture Prod,VEGI      ,,,
Vanguard S&P 500 Value Index ETF,VOOV      ,,,
ProShares Short Real Estate,REK       ,,,
ProShares Ultra MSCI Europe,UPV       ,,,
Global X Fertilizers/Potash ETF,SOIL      ,,,
iShares MSCI ACWI ex US Materials Index,AXMT      ,,,
First Trust Small Cap Value AlphaDEX,FYT       ,,,
Vanguard Russell 2000 Growth Index ETF,VTWG      ,,,
Vanguard S&P Mid-Cap 400 Growth Idx ETF,IVOG      ,,,
Vanguard Russell 3000 Index ETF,VTHR      ,,,
ProShares Ultra MSCI Pacific ex-Japan,UXJ       ,,,
MAXIS Nikkei 225 Index ETF,NKY       ,,,
Schwab International Small-Cap Eq ETF,SCHC      ,,,
Direxion Daily India Bull 3X Shares,INDL      ,,,
iShares MSCI Hong Kong Small Cap,EWHS      ,,,
iShares S&P Global Nuclear Energy Index,NUCL      ,,,
ETFS Physical White Metals Basket Shares,WITE      ,,,
Global X Norway ETF,NORW      ,,,
Schwab Emerging Markets Equity ETF,SCHE      ,,,
PowerShares DB Base Metals Long ETN,BDG       ,,,
EGShares Consumer Services GEMS ETF,VGEM      ,,,
Guggenheim S&P SmallCap 600 Eq Wt,EWSM      ,,,
ProShares Ultra Yen,YCL       ,,,
First Trust Asia Pac Ex-Jap AlphaDEX,FPA       ,,,
Guggenheim Frontier Markets,FRN       ,,,
PowerShares DB Base Metals Dble Long ETN,BDD       ,,,
PowerShares Global Nuclear Energy,PKN       ,,,
Vanguard S&P 500 Growth Index ETF,VOOG      ,,,
Direxion Daily Retail Bull 3X Shares,RETL      ,,,
ProShares Short VIX Short-Term Fut ETF,SVXY      ,,,
iShares MSCI Philippines Invstb Mkt Idx,EPHE      ,,,
EGShares Emerging Markets Consumer,ECON      ,,,
ProShares Ultra MSCI Japan,EZJ       ,,,
Direxion Daily Russia Bull 3X Shares,RUSL      ,,,
First Trust China AlphaDEX,FCA       ,,,
iPath S&P 500 VIX MT Futures ETN,VXZ       ,,,
Guggenheim Russell 1000 Equal Weight,EWRI      ,,,
WisdomTree Dreyfus Commodity Currency,CCX       ,,,
iShares MSCI China Index,MCHI      ,,,
ProShares UltraShort Euro,EUO       ,,,
iShares MSCI Global Energy Producers,FILL      ,,,
Direxion Daily Healthcare Bull 3X Shares,CURE      ,,,
EGShares Consumer Goods GEMS ETF,GGEM      ,,,
SPDR S&P Global Natural Resources,GNR       ,,,
First Trust Latin America AlphaDEX,FLN       ,,,
QuantShares US Market Neutral Value ETF,CHEP      ,,,
ProShares UltraShort Gold,GLL       ,,,
ETFS Physical PM Basket Shares,GLTR      ,,,
ProShares Short Basic Materials,SBM       ,,,
iShares MSCI Emerg Mrkts Financials Idx,EMFN      ,,,
United States Brent Oil,BNO       ,,,
PowerShares S&P SmallCap Info Tech,PSCT      ,,,
First Trust Emerging Markets AlphaDEX,FEM       ,,,
SPDR S&P Aerospace & Defense,XAR       ,,,
Schwab U.S. Large-Cap Value ETF,SCHV      ,,,
iShares MSCI Emerging Markets Latin Amer,EEML      ,,,
First Trust ISE Cloud Computing Index,SKYY      ,,,
iShares MSCI USA Index,EUSA      ,,,
Market Vectors Coal ETF,KOL       ,,,
First Trust Dev Markets Ex-US AlphaDEX,FDT       ,,,
ETFS Physical Platinum Shares,PPLT      ,,,
iShares S&P Intl Preferred Stock Index,IPFF      ,,,
Wilshire 4500 Completion ETF,WXSP      ,,,
EGShares India Infrastructure,INXX      ,,,
ProShares UltraShort Russell3000,TWQ       ,,,
Madrona Domestic ETF,FWDD      ,,,
PowerShares DB Agriculture Dble Shrt ETN,AGA       ,,,
First Trust South Korea AlphaDEX,FKO       ,,,
iShares MSCI Emerging Markets Cons Disc,EMDI      ,,,
Wilshire 5000 Total Market ETF,WFVK      ,,,
Vanguard S&P Small-Cap 600 Value Idx ETF,VIOV      ,,,
iPath DJ-UBS Aluminum TR Sub-Idx ETN,JJU       ,,,
FlexShares Mstar Gbl Upstrm Nat Res ETF,GUNR      ,,,
PowerShares Global Coal,PKOL      ,,,
PowerShares KBW Prop & Casuality Insur,KBWP      ,,,
United States 12 Month Natural Gas,UNL       ,,,
PowerShares MENA Frontier Countries,PMNA      ,,,
ProShares 30 Year TIPS/TSY Spread,RINF      ,,,
iPath DJ-UBS Coffee TR Sub-Idx ETN,JO        ,,,
PowerShares S&P SmallCap Energy,PSCE      ,,,
iShares MSCI Norway Cppd Investable Mkt,ENOR      ,,,
Market Vectors Oil Services ETF,OIH       ,,,
EGShares Emerging Markets Metals/Mining,EMT       ,,,
iShares MSCI ACWI ex US Energy Index,AXEN      ,,,
IQ Global Agribusiness Small Cap ETF,CROP      ,,,
Global X China Energy ETF,CHIE      ,,,
ProShares Short FTSE China 25,YXI       ,,,
PowerShares India,PIN       ,,,
WisdomTree Europe Hedged Equity,HEDJ      ,,,
iShares MSCI World,URTH      ,,,
Market Vectors Pharmaceutical ETF,PPH       ,,,
Vanguard Russell 2000 Index ETF,VTWO      ,,,
ProShares Ultra Nasdaq Biotechnology,BIB       ,,,
iShares MSCI Finland Capped Inv Mkt,EFNL      ,,,
PowerShares Global Steel,PSTL      ,,,
Global X FTSE Argentina 20 ETF,ARGT      ,,,
ProShares Ultra DJ-UBS Crude Oil,UCO       ,,,
iShares MSCI EAFE Min Volatility,EFAV      ,,,
First Trust NASDAQ Global Auto Index,CARZ      ,,,
Pax MSCI EAFE ESG Index ETF,EAPS      ,,,
Barclays Short C Lvgd Inv S&P 500 TR ETN,BXDC      ,,,
IQ Global Oil Small Cap Equity ETF,IOIL      ,,,
Direxion Daily Basic Matls Bull 3X Shrs,MATL      ,,,
Market Vectors Retail ETF,RTH       ,,,
ETFS Physical Palladium Shares,PALL      ,,,
Vanguard Russell 1000 Growth Index ETF,VONG      ,,,
ProShares Hedge Replication ETF,HDG       ,,,
iShares MSCI India Index,INDA      ,,,
iShares MSCI Emerging Markets Asia,EEMA      ,,,
ProShares UltraPro MidCap400,UMDD      ,,,
Vanguard S&P Mid-Cap 400 Value Index ETF,IVOV      ,,,
Direxion Daily Real Estate Bear 3X Shrs,DRV       ,,,
FlexShares Mstar US Mkt Factors Tilt ETF,TILT      ,,,
Guggenheim MSCI Emerging Markets Eq Wt,EWEM      ,,,
Market Vectors Colombia ETF,COLX      ,,,
Direxion Daily Emrg Mkts Bear 3X Shares,EDZ       ,,,
ProShares UltraShort Telecommunications,TLL       ,,,
ProShares UltraPro Russell2000,URTY      ,,,
Vanguard Total Intl Stock Idx ETF,VXUS      ,,,
Vanguard S&P Mid-Cap 400 Index ETF,IVOO      ,,,
PowerShares S&P SmallCap Utilities,PSCU      ,,,
iShares MSCI Emerging Markets Value,EVAL      ,,,
ProShares UltraShort MSCI Pacific ex-Jpn,JPX       ,,,
First Trust Europe AlphaDEX,FEP       ,,,
Market Vectors Semiconductor ETF,SMH       ,,,
Global X Brazil Financials ETF,BRAF      ,,,
iShares MSCI EM Energy Sector Capped,EMEY      ,,,
Vanguard S&P Small-Cap 600 Index ETF,VIOO      ,,,
EGShares China Infrastructure,CHXX      ,,,
EGShares Technology GEMS ETF,QGEM      ,,,
EGShares Telecom GEMS ETF,TGEM      ,,,
iShares S&P Global Clean Energy Index,ICLN      ,,,
Guggenheim S&P MidCap 400 Equal Weight,EWMD      ,,,
iPath S&P 500 VIX ST Futures ETN,VXX       ,,,
iShares MSCI India Small Cap,SMIN      ,,,
Global X Pure Gold Miners ETF,GGGG      ,,,
Schwab U.S. Dividend Equity ETF,SCHD      ,,,
IQ Emerging Markets Mid Cap ETF,EMER      ,,,
iShares MSCI China Small Cap Index,ECNS      ,,,
ProShares UltraPro Short S&P500,SPXU      ,,,
Vanguard S&P Small-Cap 600 Gr Idx ETF,VIOG      ,,,
Direxion Daily S&P500 Bear 3X Shares,SPXS      ,,,
iShares MSCI Gbl Sel Metals & Mining Prd,PICK      ,,,
ProShares UltraShort MSCI Europe,EPV       ,,,
Market Vectors Vietnam ETF,VNM       ,,,
First Trust BICK Index,BICK      ,,,
ETFS Physical Asian Gold Shares,AGOL      ,,,
Global X Brazil Mid Cap ETF,BRAZ      ,,,
ProShares VIX Mid-Term Futures ETF,VIXM      ,,,
Madrona International ETF,FWDI      ,,,
Direxion Daily Dev Mkts Bear 3X Shrs,DPK       ,,,
iPath GEMS Index ETN,JEM       ,,,
PowerShares Global Wind Energy,PWND      ,,,
iShares MSCI United Kingdom Small Cap,EWUS      ,,,
iShares MSCI Global Gold Miners,RING      ,,,
Direxion Daily Financial Bear 3X Shares,FAZ       ,,,
Direxion Daily Energy Bear 3X Shares,ERY       ,,,
iShares MSCI AC Asia ex Japan Small Cap,AXJS      ,,,
Global X China Materials ETF,CHIM      ,,,
ProShares UltraPro Short Dow30,SDOW      ,,,
ELEMENTS CS Global Warming ETN,GWO       ,,,
Schwab US REIT ETF,SCHH      ,,,
PowerShares S&P SmallCap Cnsmr Discret,PSCD      ,,,
iShares MSCI Germany Small Cap,EWGS      ,,,
Pax MSCI North America ESG Index ETF,NASI      ,,,
PowerShares S&P SmallCap Financials,PSCF      ,,,
Wilshire US REIT ETF,WREI      ,,,
iShares MSCI ACWI ex US Telecom Svc Idx,AXTE      ,,,
QuantShares US Market Neutral Size ETF,SIZ       ,,,
iShares MSCI Emerg Mrkts Materials Idx,EMMT      ,,,
ProShares VIX Short-Term Futures ETF,VIXY      ,,,
ProShares UltraShort Silver,ZSL       ,,,
Global X FTSE ASEAN 40 ETF,ASEA      ,,,
ProShares UltraPro Dow30,UDOW      ,,,
Market Vectors Germany Small-Cap ETF,GERJ      ,,,
Market Vectors Solar Energy ETF,KWT       ,,,
iShares MSCI Australia Small Cap,EWAS      ,,,
ProShares UltraPro Shr 10 Yr TIPS/TSY Sp,SINF      ,,,
Direxion Daily Semicondct Bear 3X Shares,SOXS      ,,,
Teucrium Corn,CORN      ,,,
Russell Equity ETF,ONEF      ,,,
Direxion Daily Small Cap Bear 3X Shares,TZA       ,,,
Barclays Long B Leveraged S&P 500 TR ETN,BXUB      ,,,
iShares MSCI Denmark Cppd Investable Mkt,EDEN      ,,,
Global X FTSE Andean 40 ETF,AND       ,,,
ProShares UltraShort MSCI Mexico,SMK       ,,,
ProShares UltraPro QQQ,TQQQ      ,,,
Global X SuperDividend ETF,SDIV      ,,,
EGShares India Small Cap,SCIN      ,,,
Global X China Consumer ETF,CHIQ      ,,,
iShares MSCI USA Min Volatility,USMV      ,,,
SPDR S&P Health Care Equipment,XHE       ,,,
PowerShares S&P 500 Low Volatility,SPLV      ,,,
ProShares UltraPro Short QQQ,SQQQ      ,,,
ELEMENTS S&P CTI ETN,LSC       ,,,
Direxion Daily Mid Cap Bear 3X Shares,MIDZ      ,,,
PowerShares S&P SmallCap Consumer Stapl,PSCC      ,,,
PowerShares S&P SmallCap Health Care,PSCH      ,,,
EGShares Low Volatility EM Dividend ETF,HILO      ,,,
SPDR S&P Transportation,XTN       ,,,
Accuvest Global Long Short ETF,AGLS      ,,,
iShares MSCI Ireland Cppd Invstb Mkt Idx,EIRL      ,,,
iShares High Dividend Equity,HDV       ,,,
Guggenheim MSCI EAFE Equal Weight,EWEF      ,,,
Guggenheim Solar,TAN       ,,,
Global X China Industrials ETF,CHII      ,,,
iShares MSCI Indonesia Invstble Mkt Idx,EIDO      ,,,
QuantShares US Market Neut Momentum ETF,MOM       ,,,
PowerShares KBW Hi Div Yield Financial,KBWD      ,,,
ALPS Alerian MLP ETF,AMLP      ,,,
Direxion Daily China Bear 3X Shares,YANG      ,,,
ProShares Short 30 Year TIPS/TSY Spread,FINF      ,,,
Global X NASDAQ China Technology ETF,QQQC      ,,,
Vanguard Russell 2000 Value Index ETF,VTWV      ,,,
EGShares Utilities GEMS ETF,UGEM      ,,,
ProShares UltraShort Nasdaq Biotech,BIS       ,,,
iShares MSCI All Country World Min Vol,ACWV      ,,,
ProShares Ultra DJ-UBS Natural Gas,BOIL      ,,,
DBX MSCI EAFE Hedged Equity ETF,DBEF      ,,,
Global X Canada Preferred ETF,CNPF      ,,,
IQ Australia Small Cap ETF,KROO      ,,,
Global X Lithium ETF,LIT       ,,,
First Trust Mega Cap Alphadex,FMK       ,,,
First Trust Mid Cap Value AlphaDEX,FNK       ,,,
Global X Gold Explorers ETF,GLDX      ,,,
ProShares UltraPro Short MidCap400,SMDD      ,,,
iShares MSCI Russia Capped Index,ERUS      ,,,
ProShares UltraPro Short Russell2000,SRTY      ,,,
First Trust Small Cap Growth AlphaDEX,FYC       ,,,
Guggenheim Russell 2000 Equal Weight,EWRS      ,,,
Ranger Equity Bear ETF,HDGE      ,,,
SPDR S&P Russia,RBL       ,,,
SPDR S&P Emerging Markets Dividend,EDIV      ,,,
Direxion Daily Gold Miners Bull 3X Shrs,NUGT      ,,,
Guggenheim China Technology,CQQQ      ,,,
Market Vectors Rare Earth/Str Metals ETF,REMX      ,,,
DBX MSCI Brazil Hedged Equity ETF,DBBR      ,,,
First Trust Mid Cap Growth AlphaDEX,FNY       ,,,
EGShares Basic Materials GEMS ETF,LGEM      ,,,
First Trust Brazil AlphaDEX,FBZ       ,,,
Direxion Daily China Bull 3X Shares,YINN      ,,,
Market Vectors India Small-Cap ETF,SCIF      ,,,
Direxion Daily Latin America Bull 3X Shs,LBJ       ,,,
Direxion Daily Nat Gas Rltd Bear 3X Shrs,GASX      ,,,
iShares MSCI Canada Small Cap Index Fund,EWCS      ,,,
Guggenheim ABC High Dividend,ABCS      ,,,
Guggenheim Shipping,SEA       ,,,
ProShares Ultra KBW Regional Banking,KRU       ,,,
Market Vectors Russia Small-Cap ETF,RSXJ      ,,,
TrimTabs Float Shrink ETF,TTFS      ,,,
Market Vectors Egypt Index ETF,EGPT      ,,,
DBX MSCI Emerging Mkts Hdgd Equity ETF,DBEM      ,,,
Global X Uranium ETF,URA       ,,,
IQ Canada Small Cap ETF,CNDA      ,,,
First Trust ISE Global Platinum Index,PLTM      ,,,
First Trust NASDAQ CEA Smartphone Idx,FONE      ,,,
Market Vectors China ETF,PEK       ,,,
Global X Top Guru Holdings Index ETF,GURU      ,,,
ProShares Ultra MSCI Brazil,UBR       ,,,
Direxion Daily Semicondct Bull 3X Shares,SOXL      ,,,
First Trust Japan AlphaDEX,FJP       ,,,
Direxion Daily Gold Miners Bear 3X Shrs,DUST      ,,,
Direxion Daily Nat Gas Rltd Bull 3X Shrs,GASL      ,,,
EGShares Brazil Infrastructure,BRXX      ,,,
Stream S&P Dynamic Roll Glbl Commodities,BNPC      ,,,
Direxion Daily Russia Bear 3X Shares,RUSS      ,,,
QuantShares US Market Neut Anti-Beta ETF,BTAL      ,,,
Teucrium Wheat,WEAT      ,,,
DBX MSCI Canada Hedged Equity ETF,DBCN      ,,,
ProShares UltraShort DJ-UBS Natural Gas,KOLD      ,,,
United States Commodity Index,USCI      ,,,
WCM/BNY Mellon Focused Growth ADR ETF,AADR      ,,,
iPath Asian & Gulf Currency Reval ETN,PGD       ,,,
Direxion All Cap Insider Sentiment Shrs,KNOW      ,,,
Global X FTSE Greece 20 ETF,GREK      ,,,
iPath Pure Beta Lead ETN,LEDD      ,,,
PowerShares S&P Intl Dev High Beta,IDHB      ,,,
UBS E-TRACS Fisher-Gartman Risk On ETN,ONN       ,,,
UBS E-TRACS S&P 500 Gold Hedged Idx ETN,SPGH      ,,,
VelocityShares 3x Long Silver ETN,USLV      ,,,
ProShares Ultra VIX Short-Term Fut ETF,UVXY      ,,,
First Trust Emerging Markets SC AlphaDEX,FEMS      ,,,
UBS E-TRACS Mo Pay 2x DJ Intl Rl Est ETN,RWXL      ,,,
First Trust Hong Kong AlphaDEX,FHK       ,,,
Morgan Stanley S&P 500 Crude Oil ETN,BARL      ,,,
Direxion Lg Cap Insider Sentiment Shares,INSD      ,,,
VelocityShares Daily Inverse VIX ST ETN,XIV       ,,,
UBS E-TRACS Wells Fargo Bus Dev Comp ETN,BDCS      ,,,
iPath Long Enhanced MSCI EAFE ETN,MFLA      ,,,
FactorShares 2X: S&P500 Bull/USD Bear,FSU       ,,,
iPath Pure Beta Grains ETN,WEET      ,,,
PowerShares DB 3x Shrt US Dollar Fut ETN,UDNT      ,,,
VelocityShares Daily Inverse VIX MT ETN,ZIV       ,,,
iPath Pure Beta Agriculture ETN,DIRT      ,,,
Accuvest Global Opportunities ETF,ACCU      ,,,
UBS E-TRACS 1x Shrt Alerian MLP Infr ETN,MLPS      ,,,
UBS E-TRACS 2x Wells Fargo Bus Dv Cm ETN,BDCL      ,,,
AlphaClone Alternative Alpha ETF,ALFA      ,,,
iPath Inverse S&P 500 VIX ST Fut ETN II,IVOP      ,,,
UBS E-TRACS MLP Wells Fargo ETN,MLPW      ,,,
VelocityShares 3x Long Natural Gas ETN,UGAZ      ,,,
iPath Long Enhanced MSCI Emerg Mkts ETN,EMLB      ,,,
Teucrium Soybean,SOYB      ,,,
iShares MSCI Emg Mkts Small Cap,EEMS      ,,,
iPath Inverse S&P 500 VIX ST Fut ETN,XXV       ,,,
iPath Seasonal Natural Gas ETN,DCNG      ,,,
VelocityShares 3x Long Brent Crude ETN,UOIL      ,,,
Morgan Stanley Cushing MLP Hi Income ETN,MLPY      ,,,
iPath Pure Beta Cocoa ETN,CHOC      ,,,
UBS E-TRACS Daily Long-Short VIX ETN,XVIX      ,,,
VelocityShares 2x Long Platinum ETN,LPLT      ,,,
Credit Suisse Market Neut Global Eq ETN,CSMN      ,,,
First Trust Dev Mkts ex-US SC AlphaDEX,FDTS      ,,,
iPath Pure Beta Nickel ETN,NINI      ,,,
PowerShares KBW Insurance,KBWI      ,,,
UBS E-TRACS Alerian MLP Infrastrctr ETN,MLPI      ,,,
Credit Suisse Long/Short Liquid Idx ETN,CSLS      ,,,
iPath Long Extended Russell 2000 TR ETN,RTLA      ,,,
ProShares UltraPro 10 Yr TIPS/TSY Sp,UINF      ,,,
SPDR MSCI EM 50 ETF,EMFT      ,,,
iPath S&P 500 Dynamic VIX ETN,XVZ       ,,,
VelocityShares 2x Inverse Copper ETN,SCPR      ,,,
VelocityShares 3x Long Gold ETN,UGLD      ,,,
UBS E-TRACS 2x Long Alerian MLP Infr ETN,MLPL      ,,,
iPath Long Extended Russell 1000 TR ETN,ROLA      ,,,
PowerShares DB US Inflation ETN,INFL      ,,,
PowerShares S&P Emerging MktsHigh Beta,EEHB      ,,,
VelocityShares Long VIX MT ETN,VIIZ      ,,,
First Trust Australia AlphaDEX,FAUS      ,,,
iPath Long Extended S&P 500 TR ETN,SFLA      ,,,
Rockledge SectorSAM ETF,SSAM      ,,,
Teucrium Natural Gas,NAGS      ,,,
United States Agriculture Index,USAG      ,,,
iPath Pure Beta Broad Commodity ETN,BCM       ,,,
iPath Pure Beta Copper ETN,CUPM      ,,,
iPath US Treasury Flattener ETN,FLAT      ,,,
VelocityShares 2x Long Palladium ETN,LPAL      ,,,
iPath Short Enhanced MSCI Emerg Mkts ETN,EMSA      ,,,
UBS E-TRACS Mo Pay 2x S&P Dividend ETN,SDYL      ,,,
Teucrium Agricultural,TAGS      ,,,
Teucrium Sugar,CANE      ,,,
iPath Pure Beta Precious Metals ETN,BLNG      ,,,
UBS E-TRACS Oil Futures Contango ETN,OILZ      ,,,
United States Copper,CPER      ,,,
Global X MLP ETF,MLPA      ,,,
FactorShares 2X: S&P500 Bull/TBond Bear,FSE       ,,,
First Trust Germany AlphaDEX,FGM       ,,,
Credit Suisse Cushing 30 MLP Index ETN,MLPN      ,,,
iPath US Treasury Steepener ETN,STPP      ,,,
iPath Pure Beta Energy ETN,ONG       ,,,
Market Vectors Unconventl Oil & Gas ETF,FRAK      ,,,
SPDR MSCI ACWI IMI,ACIM      ,,,
First Trust United Kingdom AlphaDEX,FKU       ,,,
VelocityShares 3x Inverse Crude ETN,DWTI      ,,,
PowerShares DB US Deflation ETN,DEFL      ,,,
FactorShares 2X: Gold Bull/S&P500 Bear,FSG       ,,,
iPath Pure Beta Cotton ETN,CTNN      ,,,
Direxion S&P Lat Am 40 RC Volat Res Shrs,VLAT      ,,,
PowerShares KBW Bank,KBWB      ,,,
VelocityShares 2x Inverse Platinum ETN,IPLT      ,,,
CurrencyShares Chinese Renminbi Trust,FXCH      ,,,
UBS E-TRACS Alerian Natural Gas MLP ETN,MLPG      ,,,
UBS E-TRACS DJ-UBS Comm 246 BF ETN,BLND      ,,,
VelocityShares Long VIX ST ETN,VIIX      ,,,
PowerShares KBW Capital Markets,KBWC      ,,,
RBS US Large Cap Trendpilot ETN,TRND      ,,,
UBS E-TRACS Mo Pay 2x DJ Select Div ETN,DVYL      ,,,
First Trust Taiwan AlphaDEX,FTW       ,,,
VelocityShares 3x Inverse Gold ETN,DGLD      ,,,
Yorkville High Income MLP ETF,YMLP      ,,,
PowerShares S&P Emerging Markets Low Vol,EELV      ,,,
Credit Suisse 2X Merger Arbi Lqd Idx ETN,CSMB      ,,,
First Trust Switzerland AlphaDEX,FSZ       ,,,
iPath Pure Beta Industrial Metals ETN,HEVY      ,,,
UBS E-TRACS Natural Gas Fut Contango ETN,GASZ      ,,,
VelocityShares 2x Inverse Palladium ETN,IPAL      ,,,
Direxion NASDAQ-100 Equal Wtd Idx Shrs,QQQE      ,,,
iPath Pure Beta Livestock ETN,LSTK      ,,,
PowerShares S&P Intl Dev Low Volatility,IDLV      ,,,
UBS E-TRACS Mnthly 2x ISE Cloud Comp ETN,LSKY      ,,,
iPath Pure Beta Crude Oil ETN,OLEM      ,,,
Direxion S&P 500 RC Volatility Res Shrs,VSPY      ,,,
VelocityShares 2x Long Copper ETN,LCPR      ,,,
VelocityShares Daily 2x VIX MT ETN,TVIZ      ,,,
UBS E-TRACS Fisher-Gartman Risk Off ETN,OFF       ,,,
iPath Short Enhanced MSCI EAFE ETN,MFSA      ,,,
RBS US Mid Cap Trendpilot ETN,TRNM      ,,,
Teucrium WTI Crude Oil,CRUD      ,,,
Global X Social Media Index ETF,SOCL      ,,,
iPath Pure Beta Sugar ETN,SGAR      ,,,
C-Tracks Citi Volatility Index TR ETN,CVOL      ,,,
RBS China Trendpilot ETN,TCHI      ,,,
VelocityShares 3x Inver Brent Crude ETN,DOIL      ,,,
First Trust Canada AlphaDEX,FCAN      ,,,
Credit Suisse Merger Arbi Liquid Idx ETN,CSMA      ,,,
Direxion S&P 1500 RC Volatility Res Shrs,VSPR      ,,,
iPath Pure Beta Softs ETN,GRWN      ,,,
SPDR S&P Small Cap Em Asia Pacific ETF,GMFS      ,,,
FactorShares 2X: TBond Bull/S&P500 Bear,FSA       ,,,
iPath Pure Beta S&P GSCI-Weighted ETN,SBV       ,,,
VelocityShares Daily 2x VIX ST ETN,TVIX      ,,,
RBS Global Big Pharma ETN,DRGS      ,,,
VelocityShares 3x Inverse Silver ETN,DSLV      ,,,
iPath Pure Beta Coffee ETN,CAFE      ,,,
Market Vectors Indonesia Small-Cap ETF,IDXJ      ,,,
UBS E-TRACS ISE Solid State Drive ETN,SSDD      ,,,
UBS E-TRACS 2x ISE Solid State Drive ETN,SSDL      ,,,
AdvisorShares QAM Equity Hedge ETF,QEH       ,,,
AdvisorShares STAR Global Buy-Write ETF,VEGA      ,,,
ALPS Sector Dividend Dogs ETF,SDOG      ,,,
APEXcm Small/Mid Cap Growth,APSGX     ,,,
Barclays ETN+ Shiller CAPE ETN,CAPE      ,,,
Barclays S&P 500 Dynamic VEQTOR ETN,VQT       ,,,
EGShares Beyond BRICs ETF,BBRC      ,,,
EGShares Emerg Mkts Domestic Demand ETF,EMDD      ,,,
EGShares Emerging Markets Core ETF,EMCR      ,,,
FactorShares 2X: Oil Bull/S&P500 Bear,FOL       ,,,
First Trust NASDAQ Technology Div Index,TDIV      ,,,
First Trust North American Energy Infras,EMLP      ,,,
FlexShares Mstar Dev Mk ex-US Fct Tl Idx,TLTD      ,,,
FlexShares Mstar Emrg Mkts Fct Tl Idx,TLTE      ,,,
Global X SuperIncome Preferred ETF,SPFF      ,,,
Huntington EcoLogical Strategy ETF,HECO      ,,,
Huntington US Equity Rotation Strat ETF,HUSE      ,,,
iPath Pure Beta Aluminum ETN,FOIL      ,,,
IQ Hedge Market Neutral ETF,QMN       ,,,
iShares Core MSCI EAFE ETF,IEFA      ,,,
iShares Core MSCI Emerging Markets ETF,IEMG      ,,,
iShares Core MSCI Total Intl Stk ETF,IXUS      ,,,
iShares MSCI Frontier 100 Index,FM        ,,,
Market Vectors Pref Secs ex Fincls ETF,PFXF      ,,,
PowerShares DB 3x Long US Dollar Fut ETN,UUPT      ,,,
PowerShares DWA SmCp Technical Ldrs,DWAS      ,,,
PowerShares KBW Regional Banking,KBWR      ,,,
PowerShares S&P 500 High Div Portfolio,SPHD      ,,,
ProShares Short Euro,EUFX      ,,,
ProShares Ultra Australian Dollar,GDAY      ,,,
ProShares UltraPro Financials,FINU      ,,,
ProShares UltraPro Short Financials,FINZ      ,,,
ProShares UltraShort Australian Dollar,CROC      ,,,
PureFunds Diamond/Gemstone ETF,GEMS      ,,,
PureFunds ISE Jnr Slvr(Sm Cp Mnr/Exp)ETF,SILJ      ,,,
PureFunds ISE Mining Service ETF,MSXX      ,,,
RBS Gold Trendpilot ETN,TBAR      ,,,
RBS NASDAQ 100 Trendpilot ETN,TNDQ      ,,,
RBS Oil Trendpilot ETN,TWTI      ,,,
RBS Rogers Enhanced Agriculture ETN,RGRA      ,,,
RBS Rogers Enhanced Commodity ETN,RGRC      ,,,
RBS Rogers Enhanced Energy ETN,RGRE      ,,,
RBS Rogers Enhanced Industrial Mtls ETN,RGRI      ,,,
RBS Rogers Enhanced Precious Metals ETN,RGRP      ,,,
RBS US Large Cap Alternator ETN,ALTL      ,,,
SPDR S&P 1500 Momentum Tilt ETF,MMTM      ,,,
SPDR S&P 1500 Value Tilt ETF,VLU       ,,,
Sustainable North American Oil Sands ETF,SNDS      ,,,
UBS E-TRACS Alerian MLP Index ETN,AMU       ,,,
UBS E-TRACS Mon 2x Next Gen Internet ETN,EIPL      ,,,
UBS E-TRACS Mthly Pay 2x Mortg REIT ETN,MORL      ,,,
UBS E-TRACS Next Gen Internet ETN,EIPO      ,,,
UBS Fisher Enhanced Big Cap Growth ETN,FBG       ,,,
United States Metals Index,USMI      ,,,
VelocityShares 3x Inv Natural Gas ETN,DGAZ      ,,,
VelocityShares 3x Long Crude ETN,UWTI      ,,,
WisdomTree China Dividend ex-Fincls,CHXF      ,,,
SPDR Nuveen Barclays Capital CA Muni Bd,CXA       ,,,
iShares Barclays 3-7 Year Treasury Bond,IEI       ,,,
PowerShares Insured New York Muni Bond,PZT       ,,,
Vanguard Intermediate-Term Bond ETF,BIV       ,,,
iShares Barclays 10-20 Year Treasury Bd,TLH       ,,,
iShares Barclays 7-10 Year Treasury,IEF       ,,,
SPDR Barclays Capital TIPS,IPE       ,,,
iShares Barclays Credit Bond,CFT       ,,,
SPDR Nuveen Barclays Capital NY Muni Bd,INY       ,,,
iShares iBoxx $ Invest Grade Corp Bond,LQD       ,,,
iShares Barclays 1-3 Year Credit Bond,CSJ       ,,,
SPDR Barclays Capital Long Term Treasury,TLO       ,,,
PowerShares Insured California Muni Bond,PWZ       ,,,
Vanguard Long-Term Bond Index ETF,BLV       ,,,
PowerShares Emerging Mkts Sovereign Debt,PCY       ,,,
iShares Barclays Intermediate Credit Bd,CIU       ,,,
Vanguard Short-Term Bond ETF,BSV       ,,,
iShares Barclays 20+ Year Treas Bond,TLT       ,,,
SPDR Nuveen Barclays Capital S/T Muni Bd,SHM       ,,,
iShares S&P NY AMT-Free Municipal Bd,NYF       ,,,
PowerShares 1-30 Laddered Treasury,PLW       ,,,
PowerShares Insured National Muni Bond,PZA       ,,,
SPDR Barclays Capital Interm Term Trs,ITE       ,,,
SPDR Nuveen Barclays Capital Muni Bond,TFI       ,,,
SPDR Barclays Capital Intl Treasury Bond,BWX       ,,,
Vanguard Total Bond Market ETF,BND       ,,,
SPDR Barclays Capital Aggregate Bond,LAG       ,,,
iShares S&P CA AMT-Free Municipal Bd,CMF       ,,,
iShares Core Total US Bond Market ETF,AGG       ,,,
SPDR Barclays Capital High Yield Bond,JNK       ,,,
iShares Barclays TIPS Bond,TIP       ,,,
iShares Barclays MBS Bond,MBB       ,,,
iShares Barclays Government/Credit Bond,GBF       ,,,
iShares iBoxx $ High Yield Corporate Bd,HYG       ,,,
iShares Barclays Interm Govt/Credit Bond,GVI       ,,,
PowerShares VRDO Tax-Free Weekly,PVI       ,,,
iShares S&P National AMT-Free Muni Bd,MUB       ,,,
iShares Barclays 1-3 Year Treasury Bond,SHY       ,,,
iShares Barclays Short Treasury Bond,SHV       ,,,
Vanguard Short-Term Corp Bd Idx ETF,VCSH      ,,,
PowerShares Fundamental High Yld Corp Bd,PHB       ,,,
Market Vectors Short Municipal Index ETF,SMB       ,,,
Vanguard Interm-Tm Corp Bd Idx ETF,VCIT      ,,,
iShares Barclays Agency Bond,AGZ       ,,,
Vanguard Long-Term Corp Bond Idx ETF,VCLT      ,,,
PIMCO 15+ Year US TIPS Index ETF,LTPZ      ,,,
Market Vectors Intermediate Muni ETF,ITM       ,,,
Vanguard Interm-Tm Govt Bd Idx ETF,VGIT      ,,,
PIMCO 7-15 Year U.S. Treasury Index ETF,TENZ      ,,,
PIMCO Enhanced Short Maturity ETF,MINT      ,,,
SPDR Barclays Capital Long CorpTerm Bd,LWC       ,,,
PowerShares Active Low Duration,PLK       ,,,
SPDR Barclays Cap Interm Term Corp Bnd,ITR       ,,,
Vanguard Short-Term Govt Bd Idx ETF,VGSH      ,,,
Market Vectors Long Municipal Index ETF,MLN       ,,,
PIMCO Intermediate Municipal Bond ETF,MUNI      ,,,
iShares S&P S/T Natnl AMT-Free Muni Bd,SUB       ,,,
PIMCO Broad U.S. TIPS Index ETF,TIPZ      ,,,
PIMCO 3-7 Year U.S. Treasury Index ETF,FIVZ      ,,,
PowerShares Build America Bond,BAB       ,,,
Market Vectors Pre-Refunded Muni ETF,PRB       ,,,
PIMCO 1-3 Year US Treasury Index ETF,TUZ       ,,,
Guggenheim Enhanced Short Dur Bond ETF,GSY       ,,,
SPDR Barclays Capital 1-3 Month T-Bill,BIL       ,,,
iShares JPMorgan USD Emerg Markets Bond,EMB       ,,,
SPDR Nuveen S&P VRDO Municipal Bond,VRD       ,,,
SPDR DB Intl Govt Infl-Protected Bond,WIP       ,,,
WisdomTree Australia & NZ Debt,AUNZ      ,,,
Vanguard Long-Term Govt Bd Idx ETF,VGLT      ,,,
Vanguard Mortgage-Backed Sec Idx ETF,VMBS      ,,,
WisdomTree Euro Debt,EU        ,,,
iShares S&P/Citi Intl Treasury Bond,IGOV      ,,,
Vanguard Extended Dur Trs Idx ETF,EDV       ,,,
PIMCO 1-5 Year US TIPS Index ETF,STPZ      ,,,
Guggenheim Enhanced Core Bond,GIY       ,,,
SPDR Barclays Cap Mortgage Backed Bond,MBG       ,,,
PIMCO 25+ Yr Zero Cpn U.S. Trsy Idx ETF,ZROZ      ,,,
Market Vectors High-Yield Muni ETF,HYD       ,,,
SPDR Barclays Cap S/T Intl Treasury Bond,BWZ       ,,,
iShares 10+ Year Credit Bond,CLY       ,,,
iShares S&P/Citi 1-3 Yr Intl Treasury Bd,ISHG      ,,,
Guggenheim BulletShares 2020 Corp Bond,BSCK      ,,,
ProShares Short 20+ Year Treasury,TBF       ,,,
Market Vectors Inv Grade Floating Rt ETF,FLTR      ,,,
Guggenheim BulletShares 2018 Corp Bond,BSCI      ,,,
Direxion Daily 7-10 Yr Trsy Bull 3X Shrs,TYD       ,,,
SPDR Barclays Capital Short Term Corp Bd,SCPB      ,,,
Schwab U.S. TIPS ETF,SCHP      ,,,
Schwab Intermediate-Term U.S. Trsy ETF,SCHR      ,,,
Guggenheim BulletShares 2017 Corp Bond,BSCH      ,,,
Market Vectors CEF Municipal Income ETF,XMPT      ,,,
Market Vectors Fallen Angel HY Bond ETF,ANGL      ,,,
Guggenheim BulletShares 2019 Corp Bond,BSCJ      ,,,
PIMCO Investment Grade Corp Bd Index ETF,CORP      ,,,
SPDR Nuveen S&P High Yield Municipal Bd,HYMB      ,,,
Market Vectors Intl High Yield Bond ETF,IHY       ,,,
iShares Floating Rate Note,FLOT      ,,,
PIMCO Broad U.S. Treasury Index ETF,TRSY      ,,,
Schwab Short-Term U.S. Treasury ETF,SCHO      ,,,
PowerShares International Corporate Bond,PICB      ,,,
Guggenheim BulletShares 2016 Corp Bond,BSCG      ,,,
ProShares UltraShort 20+ Year Treasury,TBT       ,,,
Columbia Interm Munil Bond Strat Fund,GMMB      ,,,
SPDR Nuveen Barclays Cap Build Amer Bd,BABS      ,,,
Guggenheim BulletShares 2018 HY C Bd ETF,BSJI      ,,,
PIMCO Total Return ETF,BOND      ,,,
Direxion Daily 20+ Year Treasury Bear 1X,TYBS      ,,,
PowerShares Senior Loan Port,BKLN      ,,,
Powershares Fundamental Inv Gr Corp Bond,PFIG      ,,,
Schwab U.S. Aggregate Bond ETF,SCHZ      ,,,
Guggenheim BulletShares 2017 HY C Bd ETF,BSJH      ,,,
PIMCO Australia Bond Index ETF,AUD       ,,,
PIMCO Short Term Municipal Bond ETF,SMMU      ,,,
Guggenheim BulletShares 2015 Corp Bond,BSCF      ,,,
Market Vectors EM Local Curr Bond ETF,EMLC      ,,,
FlexShares iBoxx 5Yr Target Dur TIPS ETF,TDTF      ,,,
SPDR Barclays Cap Issuer Scd Corp Bond,CBND      ,,,
iShares Intnl Inflation-Linked Bond Fund,ITIP      ,,,
Direxion Daily 20+ Yr Trsy Bear 3X Shrs,TMV       ,,,
SPDR Barclays Capital Intl Corp Bond,IBND      ,,,
ProShares UltraShort 7-10 Year Treasury,PST       ,,,
Guggenheim BulletShares 2016 HY C Bd ETF,BSJG      ,,,
iShares 2014 S&P AMT-Free Municipal Ser,MUAC      ,,,
SPDR Barclays Capital EM Local Bond ETF,EBND      ,,,
FlexShares iBoxx 3Yr Target Dur TIPS ETF,TDTT      ,,,
Columbia Core Bond Strategy Fund,GMTB      ,,,
iShares 2017 S&P AMT-Free Municipal Ser,MUAF      ,,,
Guggenheim BulletShares 2015 HY Crp Bond,BSJF      ,,,
Direxion Daily 7-10 Yr Treasury Bear 1X,TYNS      ,,,
Direxion Daily 20+ Yr Trsy Bull 3X Shrs,TMF       ,,,
Guggenheim BulletShares 2014 Corp Bond,BSCE      ,,,
iShares Core Long-Term US Bond ETF,ILTB      ,,,
PIMCO Germany Bond Index ETF,BUND      ,,,
Direxion Daily 7-10 Yr Trsy Bear 3X Shrs,TYO       ,,,
WisdomTree Emer Mkts Corporate Bond ETF,EMCB      ,,,
ProShares German Sov / Sub-Sov Debt ETF,GGOV      ,,,
PIMCO Global Advantage Infl-Lkd Bd ETF,ILB       ,,,
Guggenheim BulletShares 2013 Corp Bond,BSCD      ,,,
Direxion Daily Tot Bd Mkt Bear 1X Shares,SAGG      ,,,
iShares Glob Inflation-Linked Bond Fund,GTIP      ,,,
iShares 2016 S&P AMT-Free Municipal Ser,MUAE      ,,,
ProShares Ultra High Yield,UJB       ,,,
iShares 2013 S&P AMT-Free Municipal Ser,MUAB      ,,,
iShares Emerging Markets Local Cur Bond,LEMB      ,,,
WisdomTree Emerging Markets Local Debt,ELD       ,,,
iShares Barclays 0-5 Year TIPS Bond,STIP      ,,,
ProShares Ultra Investment Grade Corp,IGU       ,,,
Guggenheim BulletShares 2012 Corp Bond,BSCC      ,,,
Market Vectors LatAm Aggregate Bond ETF,BONO      ,,,
PIMCO Canada Bond Index ETF,CAD       ,,,
PIMCO 0-5 Year Hi Yld Corp Bond Idx ETF,HYS       ,,,
ProShares USD Covered Bond,COBO      ,,,
iShares 2015 S&P AMT-Free Municipal Ser,MUAD      ,,,
Guggenheim BulletShares 2014 HY Crp Bond,BSJE      ,,,
Market Vectors Renminbi Bond ETF,CHLC      ,,,
PowerShares Chinese Yuan Dim Sum Bond,DSUM      ,,,
Guggenheim BulletShares 2013 HY Crp Bond,BSJD      ,,,
WisdomTree Asia Local Debt ETF,ALD       ,,,
ProShares Short 7-10 Year Treasury,TBX       ,,,
Guggenheim BulletShares 2012 HY Crp Bond,BSJC      ,,,
PIMCO Build America Bond ETF,BABZ      ,,,
ProShares Ultra 7-10 Year Treasury,UST       ,,,
ProShares UltraShort 3-7 Year Treasury,TBZ       ,,,
iShares Financials Sector Bond,MONY      ,,,
iShares Global ex USD High Yield Corp Bd,HYXU      ,,,
PowerShares DB 3x Italian Treas Bond ETN,ITLT      ,,,
iPath US Treasury 2-year Bear ETN,DTUS      ,,,
PowerShares DB Italian Treas Bond ETN,ITLY      ,,,
iShares B - Ca Rated Corporate Bond,QLTC      ,,,
iShares Emerging Markets High Yield Bond,EMHY      ,,,
Direxion Daily Total Mkt Bear 1X Shares,TOTS      ,,,
Powershares DB Inverse Jap Gov Bond ETN,JGBS      ,,,
Market Vectors Emer Mkts Hi Yld Bond ETF,HYEM      ,,,
SPDR Barclays Cap Short Term Trsy Bond,SST       ,,,
Guggenheim Yuan Bond,RMB       ,,,
iShares Global High Yield Corporate Bond,GHYG      ,,,
PowerShares DB 3x Sht 25+ Yr Trsy Bd ETN,SBND      ,,,
JPMorgan 2X Short US Long Trsy Fut ETN,DSTJ      ,,,
PowerShares DB 3x Japan Gov Bond ETN,JGBT      ,,,
iShares Barclays CMBS Bond,CMBS      ,,,
Madrona Global Bond ETF,FWDB      ,,,
ProShares UltraPro Short 20+ Year Trsy,TTT       ,,,
ProShares UltraShort TIPs,TPS       ,,,
iPath US Treasury 5-year Bull ETN,DFVL      ,,,
JPMorgan 2X Short US 10 Yr Trsy Fut ETN,DSXJ      ,,,
ProShares Ultra 20+ Year Treasury,UBT       ,,,
iShares Aaa - A Rated Corporate Bond,QLTA      ,,,
ProShares Short Investment Grade Corp,IGS       ,,,
iPath US Treasury Long Bond Bear ETN,DLBS      ,,,
iShares Baa - Ba Rated Corporate Bd,QLTB      ,,,
ProShares Short High Yield,SJB       ,,,
iPath US Treasury 10-year Bull ETN,DTYL      ,,,
iShares Industrials Sector Bond,ENGN      ,,,
Peritus High Yield ETF,HYLD      ,,,
iPath US Treasury Long Bond Bull ETN,DLBL      ,,,
Powershares DB 3x Inver Jap Gov Bond ETN,JGBD      ,,,
SPDR Barclays Cap Inv Gr Floating Rt ETF,FLRN      ,,,
iShares Emerging Markets Corporate Bond,CEMB      ,,,
iPath US Treasury 2-year Bull ETN,DTUL      ,,,
iPath US Treasury 5-year Bear ETN,DFVS      ,,,
iShares Utilities Sector Bond,AMPS      ,,,
PowerShares DB 3x Lng 25+ Yr Trsy Bd ETN,LBND      ,,,
SPDR BarCap ST High Yield Bond ETF,SJNK      ,,,
iShares Barclays U.S. Treasury Bond,GOVT      ,,,
iPath US Treasury 10-year Bear ETN,DTYS      ,,,
PowerShares DB 3x German Bund ETN,BUNT      ,,,
PowerShares DB Japan Gov Bond ETN,JGBL      ,,,
FlexShares Ready Access Variable Inc,RAVI      ,,,
iShares Barclays GNMA Bond,GNMA      ,,,
iShares Core Short-Term US Bond ETF,ISTB      ,,,
PowerShares DB German Bund ETN,BUNL      ,,,
Pyxis/iBoxx Senior Loan ETF,SNLN      ,,,
SPDR BofA ML Crossover Corp Bond ETF,XOVR      ,,,
SPDR BofA ML EM Corp Bd ETF,EMCD      ,,,
Vanguard Shrt-Term Infl-Prot Sec Idx ETF,VTIP      ,,,
db-X 2030 Target Date ETF,TDN       ,,,
db-X 2040 Target Date ETF,TDV       ,,,
db-X 2020 Target Date ETF,TDH       ,,,
db-X 2010 Target Date ETF,TDD       ,,,
iShares S&P Target Date 2010,TZD       ,,,
iShares S&P Conservative Allocation,AOK       ,,,
iShares S&P Target Date Retirement Inc,TGR       ,,,
db-X In-Target Date ETF,TDX       ,,,
iShares S&P Target Date 2015,TZE       ,,,
iShares S&P Target Date 2020,TZG       ,,,
iShares S&P Target Date 2025,TZI       ,,,
iShares S&P Target Date 2035,TZO       ,,,
iShares S&P Moderate Allocation,AOM       ,,,
SPDR Barclays Capital Convertible Secs,CWB       ,,,
iShares S&P Growth Allocation,AOR       ,,,
iShares S&P Target Date 2045,TZW       ,,,
iShares S&P Target Date 2050,TZY       ,,,
iShares S&P Aggressive Allocation,AOA       ,,,
PowerShares RiverFront Tactical Gr & Inc,PCA       ,,,
PowerShares Ibbotson Alternative Compltn,PTO       ,,,
iShares Morningstar Multi-Asset Income,IYLD      ,,,
PowerShares CEF Income Composite,PCEF      ,,,
Claymore CEF GS Connect ETN,GCE       ,,,
iShares S&P Target Date 2030,TZL       ,,,
iShares S&P Target Date 2040,TZV       ,,,
WisdomTree Global Real Return,RRF       ,,,
IQ Real Return ETF,CPI       ,,,
PowerShares RiverFront Tactical Bal Gr,PAO       ,,,
Global X Permanent ETF,PERM      ,,,
PowerShares Convertible Securities,CVRT      ,,,
Arrow Dow Jones Global Yield ETF,GYLD      ,,,
SPDR SSgA Global Allocation ETF,GAL       ,,,
SPDR SSgA Multi-Asset Real Return ETF,RLY       ,,,
Cambria Global Tactical ETF,GTAA      ,,,
SPDR SSgA Income Allocation ETF,INKM      ,,,
Meidell Tactical Advantage ETF,MATH      ,,,
AdvisorShares Global Echo ETF,GIVE      ,,,
AdvisorShares Global Alpha & Beta ETF,RRGR      ,,,
First Trust CBOE S&P 500 VIX Tail Hedge,VIXH      ,,,
First Trust Multi-Asset Div Income Index,MDIV      ,,,
